{"IcoMoonType":"selection","icons":[{"icon":{"paths":["M713.143 73.143c90.857 0 164.571 73.714 164.571 164.571v548.571c0 90.857-73.714 164.571-164.571 164.571h-107.429v-340h113.714l17.143-132.571h-130.857v-84.571c0-38.286 10.286-64 65.714-64l69.714-0.571v-118.286c-12-1.714-53.714-5.143-101.714-5.143-101.143 0-170.857 61.714-170.857 174.857v97.714h-114.286v132.571h114.286v340h-304c-90.857 0-164.571-73.714-164.571-164.571v-548.571c0-90.857 73.714-164.571 164.571-164.571h548.571z"],"width":877.7142857142857,"attrs":[],"isMulticolor":false,"isMulticolor2":false,"tags":["facebook-square"],"defaultCode":61570,"grid":14},"attrs":[],"properties":{"name":"facebook","id":123,"order":593,"prevSize":28,"code":61570},"setIdx":4,"setId":6,"iconIdx":123},{"icon":{"paths":["M925.714 233.143c-25.143 36.571-56.571 69.143-92.571 95.429 0.571 8 0.571 16 0.571 24 0 244-185.714 525.143-525.143 525.143-104.571 0-201.714-30.286-283.429-82.857 14.857 1.714 29.143 2.286 44.571 2.286 86.286 0 165.714-29.143 229.143-78.857-81.143-1.714-149.143-54.857-172.571-128 11.429 1.714 22.857 2.857 34.857 2.857 16.571 0 33.143-2.286 48.571-6.286-84.571-17.143-148-91.429-148-181.143v-2.286c24.571 13.714 53.143 22.286 83.429 23.429-49.714-33.143-82.286-89.714-82.286-153.714 0-34.286 9.143-65.714 25.143-93.143 90.857 112 227.429 185.143 380.571 193.143-2.857-13.714-4.571-28-4.571-42.286 0-101.714 82.286-184.571 184.571-184.571 53.143 0 101.143 22.286 134.857 58.286 41.714-8 81.714-23.429 117.143-44.571-13.714 42.857-42.857 78.857-81.143 101.714 37.143-4 73.143-14.286 106.286-28.571z"],"width":950.8571428571428,"attrs":[],"isMulticolor":false,"isMulticolor2":false,"tags":["twitter"],"defaultCode":61593,"grid":14},"attrs":[],"properties":{"name":"twitter","id":145,"order":592,"prevSize":28,"code":61593},"setIdx":4,"setId":6,"iconIdx":145},{"icon":{"paths":["M1024 405.714v453.714c0 50.286-41.143 91.429-91.429 91.429h-841.143c-50.286 0-91.429-41.143-91.429-91.429v-453.714c17.143 18.857 36.571 35.429 57.714 49.714 94.857 64.571 190.857 129.143 284 197.143 48 35.429 107.429 78.857 169.714 78.857h1.143c62.286 0 121.714-43.429 169.714-78.857 93.143-67.429 189.143-132.571 284.571-197.143 20.571-14.286 40-30.857 57.143-49.714zM1024 237.714c0 64-47.429 121.714-97.714 156.571-89.143 61.714-178.857 123.429-267.429 185.714-37.143 25.714-100 78.286-146.286 78.286h-1.143c-46.286 0-109.143-52.571-146.286-78.286-88.571-62.286-178.286-124-266.857-185.714-40.571-27.429-98.286-92-98.286-144 0-56 30.286-104 91.429-104h841.143c49.714 0 91.429 41.143 91.429 91.429z"],"width":1024,"attrs":[],"isMulticolor":false,"isMulticolor2":false,"tags":["envelope"],"defaultCode":61664,"grid":14},"attrs":[],"properties":{"name":"envelope","id":199,"order":590,"prevSize":28,"code":61664},"setIdx":4,"setId":6,"iconIdx":199},{"icon":{"paths":["M385.714 733.714c16-26.286 7.429-56.571-19.429-68-25.714-10.857-60 0.571-76 25.714-16.571 25.714-8.571 56 17.143 68 26.286 12 61.714 0.571 78.286-25.714zM439.429 664.571c5.714-10.286 2.286-21.714-8-25.714-10.286-3.429-22.857 1.143-28.571 10.857-5.714 10.286-2.857 21.143 7.429 25.714 10.286 4 23.429-0.571 29.143-10.857zM538.857 725.714c-34.286 77.714-133.714 120-218.286 92.571-81.714-26.286-116-106.857-80.571-179.429 35.429-70.857 126.286-110.857 206.857-90.286 84 21.714 126.286 100.571 92 177.143zM717.143 634.286c-10.857-111.429-157.143-188-326.857-171.429-169.714 17.143-297.714 120.571-286.857 232s157.143 188 326.857 171.429c169.714-17.143 297.714-120.571 286.857-232zM893.143 636.571c0 128.571-185.143 290.286-463.429 290.286-212.571 0-429.714-102.857-429.714-272.571 0-88.571 56-190.857 152.571-287.429 129.143-129.143 279.429-187.429 336-130.857 25.143 24.571 27.429 68 11.429 119.429-8 26.286 24.571 11.429 24.571 12 104-44 194.857-46.286 228 1.143 17.714 25.143 16 60.571 0 101.714-7.429 18.857 2.286 21.714 16.571 26.286 58.857 18.286 124 62.286 124 140zM850.857 280c32.571 36 41.714 85.714 27.429 129.143-5.714 17.714-24.571 27.429-42.286 21.714s-27.429-24.571-21.714-42.286v0c6.857-21.714 2.286-45.714-13.714-63.429s-39.429-24.571-61.143-20v0c-18.286 4-36.571-7.429-40-25.714-4-18.286 7.429-36 25.714-40 44.571-9.714 93.143 4 125.714 40.571zM954.286 186.857c67.429 74.286 85.143 176 56.571 265.143v0c-6.857 20.571-28.571 32-49.143 25.143s-32-28.571-25.714-49.143v0c20.571-63.429 8-136-40-188.571-48-53.143-118.286-73.143-183.429-59.429-21.143 4.571-42.286-9.143-46.857-30.286s9.143-41.714 30.286-46.286v0c92-19.429 190.857 8.571 258.286 83.429z"],"width":1039.433142857143,"attrs":[],"isMulticolor":false,"isMulticolor2":false,"tags":["weibo"],"defaultCode":61834,"grid":14},"attrs":[],"properties":{"name":"weibo","id":356,"order":587,"prevSize":28,"code":61834},"setIdx":4,"setId":6,"iconIdx":356},{"icon":{"paths":["M154.286 460.571c-4-9.714-4.571-19.429-4.571-29.714 0-16 10.286-41.714 20-53.714-0.571-14.857 5.714-45.143 17.143-54.857 0-105.714 81.714-238.857 177.143-284.571 58.857-28 120.571-37.714 185.143-37.714 50.286 0 105.143 12 152 31.429 134.286 56.571 164.571 161.714 193.143 296l0.571 2.857c16.571 25.143 31.429 54.857 31.429 85.714 0 15.429-10.286 30.857-10.286 44.571 0 1.143 3.429 5.714 4 6.857 49.143 72.571 93.714 151.429 93.714 241.714 0 20-10.857 89.714-42.857 89.714-22.286 0-46.857-54.286-54.857-69.143-0.571-0.571-1.143-0.571-1.714-0.571l-2.857 2.286c-18.286 47.429-38.286 92-75.429 127.429 32.571 31.429 85.143 28.571 94.857 82.857-2.857 6.286-1.714 13.143-6.286 19.429-32.571 49.143-120 55.429-172.571 55.429-69.714 0-126.286-18.286-192-37.714-13.714-4-34.286-1.714-49.143-3.429-34.857 38.286-120 48.571-169.143 48.571-43.429 0-211.429-2.857-211.429-77.143 0-32 6.857-41.143 29.143-61.714 17.714-3.429 30.857-13.143 51.429-14.286 2.857 0 5.143-0.571 8-1.143 0.571-0.571 1.143-0.571 1.143-2.286l-1.143-1.714c-39.429-9.143-94.857-108.571-103.429-149.714l-2.857-1.714c-4 0-5.714 8.571-6.857 11.429-12.571 29.143-42.286 60.571-75.429 64h-0.571c-4.571 0-2.857-4.571-6.286-5.714-8-18.857-13.143-36-13.143-57.143 0-114.286 54.857-198.857 144-266.286z"],"width":1024,"attrs":[],"isMulticolor":false,"isMulticolor2":false,"tags":["qq"],"defaultCode":61910,"grid":14},"attrs":[],"properties":{"name":"qq","id":427,"order":589,"prevSize":28,"code":61910},"setIdx":4,"setId":6,"iconIdx":427},{"icon":{"paths":["M331.429 263.429c0-31.429-20.571-52-52-52-30.857 0-62.286 20.571-62.286 52 0 30.857 31.429 51.429 62.286 51.429 31.429 0 52-20.571 52-51.429zM756 553.143c0-20.571-20.571-41.143-52-41.143-20.571 0-41.143 20.571-41.143 41.143 0 21.143 20.571 41.714 41.143 41.714 31.429 0 52-20.571 52-41.714zM621.143 263.429c0-31.429-20.571-52-51.429-52-31.429 0-62.286 20.571-62.286 52 0 30.857 30.857 51.429 62.286 51.429 30.857 0 51.429-20.571 51.429-51.429zM984 553.143c0-20.571-21.143-41.143-52-41.143-20.571 0-41.143 20.571-41.143 41.143 0 21.143 20.571 41.714 41.143 41.714 30.857 0 52-20.571 52-41.714zM832 326.286c-13.143-1.714-26.286-2.286-40-2.286-196.571 0-352 146.857-352 327.429 0 30.286 4.571 59.429 13.143 86.857-13.143 1.143-25.714 1.714-38.857 1.714-52 0-93.143-10.286-145.143-20.571l-144.571 72.571 41.143-124.571c-103.429-72.571-165.714-166.286-165.714-280 0-197.143 186.286-352 414.286-352 203.429 0 382.286 124 417.714 290.857zM1170.286 646.857c0 93.143-61.714 176-145.143 238.286l31.429 103.429-113.714-62.286c-41.714 10.286-83.429 21.143-124.571 21.143-197.143 0-352-134.857-352-300.571s154.857-300.571 352-300.571c186.286 0 352 134.857 352 300.571z"],"width":1170.2857142857142,"attrs":[],"isMulticolor":false,"isMulticolor2":false,"tags":["wechat","weixin"],"defaultCode":61911,"grid":14},"attrs":[],"properties":{"name":"wechat","id":428,"order":588,"prevSize":28,"code":61911},"setIdx":4,"setId":6,"iconIdx":428}],"height":1024,"metadata":{"name":"icomoon"},"preferences":{"showGlyphs":true,"showQuickUse":true,"showQuickUse2":true,"showSVGs":true,"fontPref":{"prefix":"icon-","metadata":{"fontFamily":"icomoon","majorVersion":1,"minorVersion":0},"metrics":{"emSize":1024,"baseline":6.25,"whitespace":50},"embed":false,